Concurso;Data;D1;D2;D3;D4;D5;D6
1;28/05/2022;1;3;7;15;23;44
2;04/06/2022;13;16;35;41;42;47
3;11/06/2022;1;9;17;30;31;44
4;18/06/2022;6;23;25;33;34;47
5;25/06/2022;6;16;21;24;26;45
6;02/07/2022;1;19;22;32;39;45
7;09/07/2022;9;12;35;44;47;48
8;16/07/2022;1;4;5;16;38;50
9;23/07/2022;6;11;12;14;15;18
10;30/07/2022;4;6;10;42;47;48
11;06/08/2022;4;13;15;31;39;45
12;13/08/2022;6;20;24;26;31;50
13;20/08/2022;14;31;39;44;45;46
14;27/08/2022;12;13;42;46;48;49
15;03/09/2022;3;35;37;39;41;50
16;10/09/2022;3;11;13;23;33;47
17;17/09/2022;3;17;25;46;48;50
18;24/09/2022;10;18;20;39;42;49
19;01/10/2022;6;19;33;34;39;47
20;08/10/2022;4;8;10;11;22;25
21;15/10/2022;4;26;27;29;34;35
22;22/10/2022;5;22;28;46;47;48
23;29/10/2022;4;5;11;27;34;50
24;05/11/2022;22;29;31;32;36;45
25;12/11/2022;10;14;21;31;39;42
26;19/11/2022;5;12;26;31;34;50
27;26/11/2022;3;16;17;21;23;37
28;03/12/2022;2;7;29;40;41;50
29;10/12/2022;12;22;30;33;43;44
30;17/12/2022;2;24;31;39;46;47
31;24/12/2022;14;15;29;32;41;50
32;31/12/2022;12;23;30;36;45;46
33;07/01/2023;1;3;6;13;21;32
34;14/01/2023;3;6;8;36;49;50
35;21/01/2023;1;2;16;28;33;42
36;28/01/2023;2;8;9;15;28;32
37;04/02/2023;8;16;20;25;45;46
38;11/02/2023;7;14;15;16;18;23
39;18/02/2023;2;3;11;16;17;46
40;25/02/2023;2;12;22;30;33;48
41;04/03/2023;5;16;18;40;42;44
42;11/03/2023;2;9;14;25;33;44
43;18/03/2023;3;6;8;11;14;33
44;25/03/2023;1;9;12;29;32;36
45;01/04/2023;7;20;22;25;43;45
46;08/04/2023;2;11;16;17;29;46
47;15/04/2023;12;15;26;31;39;43
48;22/04/2023;10;36;38;39;46;49
49;29/04/2023;4;13;21;30;36;48
50;06/05/2023;12;21;24;26;35;49
51;13/05/2023;14;17;18;34;46;50
52;20/05/2023;24;29;31;36;49;50
53;27/05/2023;2;16;23;33;35;44
54;03/06/2023;8;11;13;21;38;39
55;10/06/2023;17;25;36;40;46;50
56;17/06/2023;1;14;27;28;44;46
57;24/06/2023;8;16;26;40;44;50
58;01/07/2023;3;18;21;26;28;31
59;08/07/2023;9;16;21;22;34;48
60;15/07/2023;4;7;17;27;36;41
61;19/07/2023;6;14;15;23;25;45
62;22/07/2023;4;25;29;35;44;47
63;26/07/2023;22;24;28;32;43;46
64;29/07/2023;13;18;21;33;42;49
65;02/08/2023;9;11;15;23;31;43
66;05/08/2023;2;17;20;28;46;50
67;09/08/2023;1;8;10;20;28;39
68;12/08/2023;4;15;24;29;38;41
69;16/08/2023;2;9;41;43;44;46
70;19/08/2023;1;2;16;32;37;39
71;23/08/2023;4;14;23;38;45;47
72;26/08/2023;6;7;25;35;41;48
73;30/08/2023;6;17;27;31;40;41
74;02/09/2023;2;13;30;32;33;41
75;06/09/2023;4;10;11;19;26;31
76;09/09/2023;8;16;23;38;42;49
77;13/09/2023;21;22;25;31;41;48
78;16/09/2023;5;11;12;30;41;49
79;20/09/2023;4;11;15;18;26;28
80;23/09/2023;22;27;31;32;41;47
81;27/09/2023;4;6;15;38;49;50
82;30/09/2023;12;13;18;21;27;34
83;04/10/2023;1;15;27;31;37;41
84;07/10/2023;24;27;35;42;44;46
85;11/10/2023;2;10;19;36;40;48
86;14/10/2023;2;3;9;11;22;45
87;18/10/2023;2;3;6;12;44;49
88;21/10/2023;2;21;30;36;42;44
89;25/10/2023;2;6;9;21;23;41
90;28/10/2023;11;17;30;42;44;50
91;01/11/2023;1;6;13;20;29;39
92;04/11/2023;5;8;20;33;45;49
93;08/11/2023;11;13;19;32;38;50
94;11/11/2023;7;20;21;24;26;50
95;16/11/2023;9;18;23;30;38;43
96;18/11/2023;5;13;15;22;34;41
97;22/11/2023;2;6;17;19;30;34
98;25/11/2023;15;18;23;35;47;50
99;29/11/2023;5;8;20;23;33;40
100;02/12/2023;11;21;32;36;37;42
101;06/12/2023;2;25;31;37;44;49
102;09/12/2023;10;12;15;16;29;41
103;13/12/2023;2;4;11;29;32;40
104;16/12/2023;4;17;33;38;39;47
105;20/12/2023;5;7;22;32;36;45
106;23/12/2023;21;22;37;42;46;50
107;27/12/2023;10;15;16;26;33;40
108;30/12/2023;15;31;33;35;36;44
109;03/01/2024;2;24;26;29;35;43
110;06/01/2024;1;22;25;30;36;42
111;10/01/2024;3;15;23;24;26;50
112;13/01/2024;9;21;26;38;40;50
113;17/01/2024;16;27;33;37;40;42
114;20/01/2024;3;11;20;36;47;50
115;24/01/2024;7;8;16;25;26;48
116;27/01/2024;4;14;30;35;41;50
117;31/01/2024;4;5;11;25;27;38
118;03/02/2024;14;25;36;37;38;41
119;07/02/2024;9;22;39;40;41;45
120;10/02/2024;1;4;10;26;32;34
121;14/02/2024;1;2;19;26;30;49
122;17/02/2024;4;15;18;31;32;50
123;21/02/2024;9;15;25;28;32;34
124;24/02/2024;1;13;17;24;44;47
125;28/02/2024;24;33;38;41;42;43
126;02/03/2024;4;7;28;29;31;47
127;06/03/2024;1;4;11;24;40;46
128;09/03/2024;5;15;33;40;42;50
129;13/03/2024;5;7;14;27;29;39
130;16/03/2024;5;6;11;26;31;47
131;20/03/2024;21;22;24;29;36;37
132;23/03/2024;3;25;34;38;45;46
133;27/03/2024;10;21;24;30;46;49
134;30/03/2024;4;7;10;11;20;26
135;03/04/2024;6;8;19;32;34;41
136;06/04/2024;15;18;20;21;22;37
137;10/04/2024;1;9;21;22;27;40
138;13/04/2024;15;31;39;42;44;45
139;17/04/2024;3;8;25;27;41;43
140;20/04/2024;6;7;14;20;40;44
141;24/04/2024;2;20;21;30;40;44
142;27/04/2024;11;12;23;32;40;43
143;04/05/2024;21;22;30;32;44;50
144;08/05/2024;15;18;19;24;33;38
145;11/05/2024;10;11;13;17;18;37
146;15/05/2024;5;19;24;28;30;37
147;18/05/2024;5;10;16;28;45;49
148;22/05/2024;5;26;28;35;47;48
149;25/05/2024;12;15;29;30;46;50
150;29/05/2024;22;28;29;31;39;40
151;01/06/2024;1;12;21;22;36;37
152;05/06/2024;18;21;31;32;34;36
153;08/06/2024;9;10;13;20;34;50
154;12/06/2024;13;14;16;23;40;41
155;15/06/2024;3;6;7;17;23;31
156;19/06/2024;23;27;28;35;40;46
157;22/06/2024;13;22;40;43;46;50
158;26/06/2024;5;15;16;39;44;48
159;29/06/2024;16;21;24;30;33;41
160;03/07/2024;10;11;12;27;32;45
161;06/07/2024;6;11;24;28;39;48
162;10/07/2024;12;15;16;37;38;50
163;13/07/2024;12;14;17;34;46;50
164;17/07/2024;10;11;14;21;22;50
165;20/07/2024;3;7;37;38;41;48
166;24/07/2024;10;19;20;42;43;44
167;27/07/2024;11;14;24;37;45;48
168;31/07/2024;2;14;15;28;32;33
169;03/08/2024;9;19;20;21;25;27
170;07/08/2024;9;10;19;39;43;44
171;10/08/2024;7;10;11;27;41;47
172;14/08/2024;5;24;36;37;41;49
173;17/08/2024;16;26;32;33;49;50
174;21/08/2024;9;14;18;38;40;47
175;24/08/2024;14;21;29;36;40;41
176;28/08/2024;11;12;21;22;23;38
177;31/08/2024;1;2;5;8;11;31
178;04/09/2024;9;21;30;36;37;47
179;06/09/2024;4;5;15;25;28;35
180;11/09/2024;4;15;26;36;39;41
181;14/09/2024;2;10;23;27;30;31
182;18/09/2024;1;11;18;29;38;50
183;21/09/2024;19;20;26;34;35;44
184;25/09/2024;5;8;10;22;25;39
185;28/09/2024;11;30;35;42;45;50
186;02/10/2024;3;15;16;21;25;47
187;05/10/2024;14;19;25;39;42;43
188;09/10/2024;1;9;23;30;47;50
189;11/10/2024;28;29;31;41;46;48
190;16/10/2024;19;28;31;37;38;40
191;19/10/2024;4;8;27;38;42;46
192;23/10/2024;1;2;27;36;39;46
193;26/10/2024;2;9;20;35;37;46
194;30/10/2024;6;8;16;32;41;47
195;01/11/2024;17;24;42;45;49;50
196;06/11/2024;1;13;21;25;35;39
197;09/11/2024;10;26;27;34;41;49
198;13/11/2024;3;7;18;19;22;41
199;16/11/2024;6;10;21;31;36;38
200;21/11/2024;5;7;10;22;28;39
201;23/11/2024;9;13;18;20;40;48
202;27/11/2024;2;6;11;17;36;46
203;30/11/2024;1;27;33;41;44;48
204;04/12/2024;7;9;11;15;17;42
205;07/12/2024;19;21;24;35;38;41
206;11/12/2024;6;26;36;41;44;45
207;14/12/2024;1;13;24;32;33;44
208;18/12/2024;1;2;3;12;18;25
209;21/12/2024;6;29;37;41;42;47
210;26/12/2024;10;11;26;33;43;47
211;28/12/2024;16;18;22;33;40;44
212;02/01/2025;25;32;39;42;46;50
213;04/01/2025;10;14;15;35;40;50
214;08/01/2025;7;8;24;28;30;46
215;11/01/2025;21;27;32;38;41;48
216;15/01/2025;7;18;25;27;33;40
217;18/01/2025;3;24;26;31;35;40
218;22/01/2025;10;11;24;35;42;47
219;25/01/2025;12;13;23;38;39;45
220;29/01/2025;5;21;22;29;36;39
221;01/02/2025;5;17;22;30;34;36
222;05/02/2025;12;18;39;40;48;49
223;08/02/2025;1;6;14;15;20;40
224;12/02/2025;5;15;25;26;30;44
225;15/02/2025;12;20;21;34;44;45
226;19/02/2025;5;22;24;30;36;39
227;22/02/2025;2;21;25;37;44;46
228;26/02/2025;3;8;13;19;31;50
229;01/03/2025;5;9;20;37;44;47
230;05/03/2025;13;14;24;34;35;39
231;08/03/2025;6;12;30;35;36;47
232;12/03/2025;4;5;21;25;26;48
233;15/03/2025;2;12;15;18;26;29
234;19/03/2025;9;14;29;33;36;41
235;22/03/2025;8;9;15;20;24;40
236;26/03/2025;1;25;27;30;36;38
237;29/03/2025;2;13;16;23;45;48
238;02/04/2025;3;12;16;21;23;35
239;05/04/2025;5;8;9;17;19;35
240;09/04/2025;10;13;15;16;30;48
241;12/04/2025;5;16;27;46;48;50
242;16/04/2025;6;12;13;14;35;40
243;19/04/2025;3;5;18;20;39;43
244;23/04/2025;7;12;13;24;32;42
245;26/04/2025;5;16;25;30;40;50
246;30/04/2025;6;17;29;40;48;50
247;03/05/2025;3;15;22;35;45;47
248;07/05/2025;18;30;37;40;43;44
249;10/05/2025;31;41;43;45;47;50
250;14/05/2025;19;39;40;42;45;47
251;17/05/2025;6;7;8;11;19;38
252;21/05/2025;6;10;35;38;39;46
253;25/05/2025;8;18;36;44;46;48
254;28/05/2025;4;15;16;29;38;40
255;31/05/2025;1;2;4;7;9;33
256;04/06/2025;3;19;25;33;34;37
257;07/06/2025;5;15;33;34;39;44
258;11/06/2025;4;16;20;25;44;47
259;14/06/2025;3;8;16;34;41;46
260;18/06/2025;1;3;7;18;24;43
261;21/06/2025;17;21;25;28;31;41
262;25/06/2025;5;24;32;35;46;50
263;28/06/2025;21;22;26;37;39;40
264;02/07/2025;23;25;37;41;43;50
265;05/07/2025;5;16;27;29;31;38
266;09/07/2025;2;9;12;24;44;45
267;12/07/2025;21;25;30;33;41;47
268;16/07/2025;1;4;5;16;36;41
269;19/07/2025;19;20;23;24;26;35
270;23/07/2025;15;18;20;23;27;31
271;26/07/2025;22;27;32;33;35;41
272;30/07/2025;5;7;18;19;32;48
273;02/08/2025;5;8;10;30;37;38
274;06/08/2025;1;2;22;24;25;33
275;09/08/2025;4;17;19;22;25;36
276;13/08/2025;12;16;28;35;39;46
277;16/08/2025;7;10;35;42;43;47
278;20/08/2025;4;18;36;38;45;49
279;23/08/2025;1;3;4;7;27;32
280;27/08/2025;18;22;25;29;37;49
281;30/08/2025;3;5;18;19;29;43
282;03/09/2025;10;12;17;21;41;50
283;06/09/2025;8;13;17;22;45;47
284;10/09/2025;4;5;6;30;38;45
285;13/09/2025;7;10;29;34;39;40
286;17/09/2025;15;19;20;30;35;45
287;20/09/2025;2;9;10;12;18;48
288;24/09/2025;14;17;27;33;42;50
289;27/09/2025;12;16;23;29;37;38
290;01/10/2025;4;20;29;31;36;46
291;04/10/2025;14;15;19;22;30;31
292;08/10/2025;10;15;23;29;38;42
293;11/10/2025;4;21;29;33;39;42
294;15/10/2025;3;9;19;21;36;49
295;18/10/2025;2;12;24;26;28;29
296;22/10/2025;14;17;22;24;30;38
297;25/10/2025;1;8;10;37;40;45
298;29/10/2025;2;9;10;28;35;36
299;01/11/2025;14;20;24;25;35;39
300;05/11/2025;9;10;18;19;20;38
301;08/11/2025;2;4;7;10;11;29
302;12/11/2025;12;38;40;43;44;48
303;14/11/2025;11;12;13;25;39;49
304;19/11/2025;2;14;22;36;40;50
305;22/11/2025;4;10;16;34;40;47
306;26/11/2025;7;9;11;41;48;50
307;29/11/2025;1;10;13;14;28;31
308;03/12/2025;12;16;18;19;35;40
309;06/12/2025;1;8;15;30;37;47
310;10/12/2025;15;16;33;34;40;42
311;13/12/2025;19;29;32;38;42;50
312;17/12/2025;1;18;27;33;48;50
313;20/12/2025;9;11;22;33;34;49
314;24/12/2025;7;12;14;17;21;41
315;27/12/2025;5;7;11;12;20;29
316;01/01/2026;10;11;12;18;36;48
317;03/01/2026;8;23;28;40;49;50
318;07/01/2026;3;6;22;23;38;49
319;10/01/2026;11;18;26;29;30;37
320;14/01/2026;20;35;36;38;41;44
321;17/01/2026;1;9;22;31;32;45
322;21/01/2026;1;4;14;18;40;46
323;24/01/2026;8;11;12;15;37;38
324;28/01/2026;9;12;17;29;30;45
325;31/01/2026;13;14;19;21;26;41
326;04/02/2026;16;20;29;34;35;42
327;07/02/2026;4;7;12;25;28;46
328;11/02/2026;3;19;21;25;27;42
329;14/02/2026;12;13;15;22;23;49
330;18/02/2026;4;13;25;33;41;49
331;21/02/2026;4;12;18;23;39;44
332;25/02/2026;35;36;40;43;47;50
333;28/02/2026;1;20;28;37;40;43
334;04/03/2026;25;44;45;46;48;50
335;07/03/2026;1;4;15;16;41;50
336;11/03/2026;13;32;33;35;42;47
337;14/03/2026;3;18;27;29;34;43
338;18/03/2026;3;5;6;10;16;25
339;21/03/2026;15;27;32;40;41;42
340;25/03/2026;24;31;35;40;41;42
341;28/03/2026;1;18;21;38;41;50
342;01/04/2026;6;9;20;40;41;43
343;04/04/2026;1;16;17;26;34;50
344;08/04/2026;3;4;11;14;16;29
345;11/04/2026;19;20;25;27;38;41
346;15/04/2026;1;18;21;24;37;44
347;18/04/2026;3;6;25;28;31;48
348;22/04/2026;6;14;21;24;44;49
349;25/04/2026;12;15;21;36;37;41
350;29/04/2026;7;18;25;30;42;45
351;02/05/2026;5;8;23;29;34;42
352;06/05/2026;1;10;13;23;24;40
353;09/05/2026;8;19;24;27;35;36
354;13/05/2026;4;11;14;32;35;40
355;16/05/2026;6;7;10;30;40;47
356;20/05/2026;1;5;9;22;25;28
357;23/05/2026;7;8;10;23;38;42
358;27/05/2026;1;6;12;18;22;42
359;30/05/2026;1;8;10;12;22;30
360;03/06/2026;4;7;15;20;23;34
361;06/06/2026;10;21;22;31;33;35
362;10/06/2026;4;13;28;31;40;47
363;14/06/2026;7;12;22;25;36;38
364;17/06/2026;12;20;23;29;32;48
365;20/06/2026;4;6;10;27;32;44
366;25/06/2026;1;11;14;22;25;37
367;27/06/2026;6;20;29;38;45;48
368;01/07/2026;1;2;20;28;42;48
369;04/07/2026;4;6;20;22;26;41
370;08/07/2026;9;16;17;20;48;49
371;11/07/2026;5;13;35;40;42;49
372;15/07/2026;3;13;14;28;30;49
373;19/07/2026;10;17;19;37;40;50
374;22/07/2026;2;4;8;28;30;37
375;26/07/2026;2;6;15;19;25;29
376;29/07/2026;1;2;35;38;40;45
377;02/08/2026;1;14;15;21;30;47
378;05/08/2026;7;8;9;15;46;49
